"age_floor","n_deaths","year"
0,25,2014
1,28,2014
2,17,2014
3,5,2014
4,6,2014
5,5,2014
6,6,2014
7,2,2014
8,4,2014
9,6,2014
10,3,2014
11,3,2014
12,1,2014
13,5,2014
14,6,2014
15,2,2014
16,7,2014
17,4,2014
18,4,2014
19,3,2014
20,5,2014
21,6,2014
22,9,2014
23,4,2014
24,8,2014
25,7,2014
26,5,2014
27,8,2014
28,10,2014
29,7,2014
30,6,2014
31,9,2014
32,12,2014
33,12,2014
34,13,2014
35,16,2014
36,16,2014
37,8,2014
38,9,2014
39,10,2014
40,7,2014
41,11,2014
42,11,2014
43,11,2014
44,18,2014
45,17,2014
46,24,2014
47,24,2014
48,19,2014
49,23,2014
50,19,2014
51,15,2014
52,24,2014
53,23,2014
54,29,2014
55,25,2014
56,20,2014
57,23,2014
58,20,2014
59,30,2014
60,29,2014
61,27,2014
62,30,2014
63,30,2014
64,32,2014
65,37,2014
66,34,2014
67,40,2014
68,35,2014
69,28,2014
70,37,2014
71,49,2014
72,44,2014
73,42,2014
74,47,2014
75,42,2014
76,50,2014
77,53,2014
78,54,2014
79,34,2014
80,46,2014
81,44,2014
82,51,2014
83,50,2014
84,48,2014
85,45,2014
86,44,2014
87,34,2014
88,37,2014
89,41,2014
90,198,2014
0,21,2015
1,22,2015
2,13,2015
3,10,2015
4,8,2015
5,9,2015
6,6,2015
7,3,2015
8,3,2015
10,7,2015
11,5,2015
13,5,2015
14,2,2015
15,5,2015
16,8,2015
17,3,2015
18,8,2015
19,4,2015
20,13,2015
21,8,2015
22,4,2015
23,8,2015
24,8,2015
25,4,2015
26,7,2015
27,9,2015
28,4,2015
29,6,2015
30,3,2015
31,8,2015
32,14,2015
33,14,2015
34,11,2015
35,13,2015
36,13,2015
37,13,2015
38,11,2015
39,20,2015
40,8,2015
41,9,2015
42,15,2015
43,16,2015
44,18,2015
45,15,2015
46,19,2015
47,7,2015
48,20,2015
49,26,2015
50,27,2015
51,26,2015
52,22,2015
53,18,2015
54,27,2015
55,35,2015
56,28,2015
57,34,2015
58,21,2015
59,24,2015
60,22,2015
61,39,2015
62,33,2015
63,25,2015
64,32,2015
65,31,2015
66,26,2015
67,28,2015
68,40,2015
69,40,2015
70,43,2015
71,44,2015
72,41,2015
73,52,2015
74,48,2015
75,53,2015
76,46,2015
77,53,2015
78,47,2015
79,46,2015
80,63,2015
81,45,2015
82,46,2015
83,41,2015
84,60,2015
85,51,2015
86,53,2015
87,49,2015
88,45,2015
89,35,2015
90,206,2015
0,15,2016
1,16,2016
2,6,2016
3,9,2016
4,9,2016
5,2,2016
6,3,2016
7,4,2016
8,3,2016
9,4,2016
10,4,2016
11,5,2016
12,7,2016
13,2,2016
14,8,2016
15,6,2016
16,2,2016
17,7,2016
18,6,2016
19,3,2016
20,8,2016
21,5,2016
22,4,2016
23,4,2016
24,9,2016
25,4,2016
26,5,2016
27,8,2016
28,8,2016
29,8,2016
30,13,2016
31,6,2016
32,16,2016
33,7,2016
34,13,2016
35,11,2016
36,11,2016
37,18,2016
38,16,2016
39,18,2016
40,15,2016
41,14,2016
42,13,2016
43,20,2016
44,14,2016
45,31,2016
46,17,2016
47,24,2016
48,19,2016
49,22,2016
50,26,2016
51,20,2016
52,24,2016
53,27,2016
54,26,2016
55,23,2016
56,16,2016
57,32,2016
58,21,2016
59,37,2016
60,25,2016
61,28,2016
62,32,2016
63,28,2016
64,34,2016
65,33,2016
66,32,2016
67,33,2016
68,40,2016
69,35,2016
70,41,2016
71,32,2016
72,43,2016
73,38,2016
74,41,2016
75,50,2016
76,55,2016
77,52,2016
78,39,2016
79,55,2016
80,58,2016
81,48,2016
82,45,2016
83,60,2016
84,55,2016
85,51,2016
86,54,2016
87,37,2016
88,40,2016
89,42,2016
90,237,2016
0,9,2017
1,18,2017
2,14,2017
3,3,2017
4,6,2017
5,3,2017
6,5,2017
7,4,2017
8,5,2017
9,3,2017
10,3,2017
11,6,2017
12,2,2017
13,3,2017
14,4,2017
15,4,2017
16,12,2017
17,4,2017
18,5,2017
19,3,2017
20,2,2017
21,4,2017
22,3,2017
23,3,2017
24,7,2017
25,5,2017
26,13,2017
27,6,2017
28,7,2017
29,7,2017
30,7,2017
31,13,2017
32,11,2017
33,9,2017
34,9,2017
35,16,2017
36,12,2017
37,18,2017
38,13,2017
39,20,2017
40,11,2017
41,13,2017
42,20,2017
43,20,2017
44,12,2017
45,23,2017
46,18,2017
47,28,2017
48,22,2017
49,24,2017
50,34,2017
51,25,2017
52,29,2017
53,30,2017
54,19,2017
55,27,2017
56,22,2017
57,26,2017
58,44,2017
59,41,2017
60,28,2017
61,33,2017
62,21,2017
63,29,2017
64,36,2017
65,34,2017
66,25,2017
67,50,2017
68,47,2017
69,46,2017
70,46,2017
71,43,2017
72,51,2017
73,45,2017
74,52,2017
75,40,2017
76,49,2017
77,59,2017
78,51,2017
79,63,2017
80,48,2017
81,51,2017
82,75,2017
83,67,2017
84,47,2017
85,59,2017
86,57,2017
87,48,2017
88,39,2017
89,41,2017
90,307,2017
0,16,2018
1,11,2018
2,9,2018
3,5,2018
4,8,2018
5,4,2018
6,6,2018
7,3,2018
8,4,2018
9,5,2018
10,5,2018
11,1,2018
12,5,2018
13,5,2018
14,4,2018
15,5,2018
16,9,2018
17,7,2018
18,6,2018
19,4,2018
20,4,2018
21,5,2018
22,6,2018
23,7,2018
24,4,2018
25,10,2018
26,7,2018
27,8,2018
28,10,2018
29,8,2018
30,7,2018
31,15,2018
32,15,2018
33,7,2018
34,14,2018
35,10,2018
36,16,2018
37,10,2018
38,15,2018
39,19,2018
40,14,2018
41,18,2018
42,12,2018
43,18,2018
44,18,2018
45,17,2018
46,18,2018
47,21,2018
48,30,2018
49,16,2018
50,17,2018
51,27,2018
52,11,2018
53,24,2018
54,30,2018
55,27,2018
56,24,2018
57,28,2018
58,28,2018
59,36,2018
60,24,2018
61,37,2018
62,31,2018
63,36,2018
64,26,2018
65,29,2018
66,35,2018
67,42,2018
68,41,2018
69,35,2018
70,36,2018
71,42,2018
72,37,2018
73,31,2018
74,47,2018
75,44,2018
76,42,2018
77,41,2018
78,46,2018
79,63,2018
80,49,2018
81,48,2018
82,47,2018
83,52,2018
84,52,2018
85,52,2018
86,47,2018
87,61,2018
88,44,2018
89,60,2018
90,272,2018
0,9,2019
1,20,2019
2,14,2019
3,7,2019
4,7,2019
5,3,2019
6,7,2019
7,2,2019
8,3,2019
9,6,2019
10,4,2019
11,5,2019
12,9,2019
13,8,2019
14,4,2019
15,5,2019
16,4,2019
17,7,2019
18,6,2019
19,8,2019
20,8,2019
21,6,2019
22,7,2019
23,12,2019
24,2,2019
25,7,2019
26,6,2019
27,10,2019
28,4,2019
29,14,2019
30,13,2019
31,8,2019
32,12,2019
33,10,2019
34,18,2019
35,6,2019
36,15,2019
37,11,2019
38,20,2019
39,15,2019
40,11,2019
41,17,2019
42,16,2019
43,21,2019
44,22,2019
45,18,2019
46,19,2019
47,15,2019
48,22,2019
49,24,2019
50,24,2019
51,16,2019
52,38,2019
53,32,2019
54,25,2019
55,24,2019
56,23,2019
57,35,2019
58,35,2019
59,20,2019
60,46,2019
61,35,2019
62,42,2019
63,35,2019
64,38,2019
65,25,2019
66,39,2019
67,37,2019
68,33,2019
69,55,2019
70,51,2019
71,52,2019
72,55,2019
73,43,2019
74,60,2019
75,59,2019
76,42,2019
77,59,2019
78,56,2019
79,52,2019
80,50,2019
81,56,2019
82,57,2019
83,50,2019
84,51,2019
85,37,2019
86,52,2019
87,61,2019
88,49,2019
89,43,2019
90,267,2019
0,6,2020
1,5,2020
2,6,2020
3,5,2020
4,2,2020
5,3,2020
6,1,2020
7,1,2020
8,2,2020
9,3,2020
10,3,2020
11,1,2020
12,3,2020
14,5,2020
15,2,2020
16,9,2020
17,7,2020
18,10,2020
19,9,2020
20,12,2020
21,8,2020
22,11,2020
23,7,2020
24,10,2020
25,12,2020
26,6,2020
27,9,2020
28,11,2020
29,17,2020
30,15,2020
31,14,2020
32,17,2020
33,13,2020
34,15,2020
35,18,2020
36,20,2020
37,24,2020
38,25,2020
39,20,2020
40,28,2020
41,29,2020
42,30,2020
43,23,2020
44,29,2020
45,35,2020
46,28,2020
47,28,2020
48,20,2020
49,33,2020
50,23,2020
51,31,2020
52,27,2020
53,26,2020
54,32,2020
55,41,2020
56,32,2020
57,33,2020
58,36,2020
59,38,2020
60,45,2020
61,41,2020
62,39,2020
63,38,2020
64,46,2020
65,52,2020
66,43,2020
67,42,2020
68,40,2020
69,48,2020
70,36,2020
71,50,2020
72,57,2020
73,50,2020
74,46,2020
75,54,2020
76,53,2020
77,52,2020
78,46,2020
79,50,2020
80,61,2020
81,45,2020
82,48,2020
83,53,2020
84,57,2020
85,55,2020
86,53,2020
87,37,2020
88,53,2020
89,34,2020
90,312,2020
0,5,2021
1,7,2021
2,8,2021
3,2,2021
4,6,2021
5,3,2021
6,5,2021
7,4,2021
8,2,2021
9,4,2021
10,2,2021
11,4,2021
12,1,2021
13,4,2021
14,4,2021
15,6,2021
16,4,2021
17,2,2021
18,8,2021
19,4,2021
20,5,2021
21,9,2021
22,2,2021
23,9,2021
24,8,2021
25,14,2021
26,8,2021
27,12,2021
28,10,2021
29,13,2021
30,15,2021
31,8,2021
32,13,2021
33,15,2021
34,12,2021
35,17,2021
36,21,2021
37,18,2021
38,17,2021
39,27,2021
40,17,2021
41,26,2021
42,24,2021
43,11,2021
44,18,2021
45,20,2021
46,31,2021
47,31,2021
48,17,2021
49,22,2021
50,32,2021
51,17,2021
52,21,2021
53,23,2021
54,28,2021
55,29,2021
56,24,2021
57,33,2021
58,26,2021
59,41,2021
60,32,2021
61,37,2021
62,31,2021
63,38,2021
64,46,2021
65,32,2021
66,52,2021
67,31,2021
68,44,2021
69,52,2021
70,41,2021
71,36,2021
72,55,2021
73,53,2021
74,47,2021
75,37,2021
76,46,2021
77,47,2021
78,49,2021
79,61,2021
80,46,2021
81,53,2021
82,55,2021
83,46,2021
84,60,2021
85,55,2021
86,35,2021
87,44,2021
88,44,2021
89,49,2021
90,276,2021
