"series","year","n_deaths","rate","pct_change","slope","ci_low","ci_high","p_value","small_count_flag"
"age_35_59",2014,452,0.718670193026546,0,0.022115372367748,-0.008933212447667,0.053163957183163,0.131981351893346,FALSE
"age_35_59",2015,485,0.75604443103206,5.2004714218242,0.022115372367748,-0.008933212447667,0.053163957183163,0.131981351893346,FALSE
"age_35_59",2016,515,0.787480702135531,9.57469918422561,0.022115372367748,-0.008933212447667,0.053163957183163,0.131981351893346,FALSE
"age_35_59",2017,567,0.850830364668145,18.3895440389744,0.022115372367748,-0.008933212447667,0.053163957183163,0.131981351893346,FALSE
"age_35_59",2018,504,0.742680288955681,3.340906045932,0.022115372367748,-0.008933212447667,0.053163957183163,0.131981351893346,FALSE
"age_35_59",2019,524,0.758987216149463,5.60994786121987,0.022115372367748,-0.008933212447667,0.053163957183163,0.131981351893346,FALSE
"age_35_59",2020,709,1.01058903457589,40.6193055426409,0.022115372367748,-0.008933212447667,0.053163957183163,0.131981351893346,FALSE
"age_35_59",2021,591,0.829898592289779,15.4769740476943,0.022115372367748,-0.008933212447667,0.053163957183163,0.131981351893346,FALSE
"age_5_34",2014,182,0.181762438310752,0,0.00803472331808118,0.00226513249251399,0.0138043141436484,0.0143615761467604,FALSE
"age_5_34",2015,189,0.189739027821193,4.38846968855205,0.00803472331808118,0.00226513249251399,0.0138043141436484,0.0143615761467604,FALSE
"age_5_34",2016,184,0.185767394708606,2.20340155814053,0.00803472331808118,0.00226513249251399,0.0138043141436484,0.0143615761467604,FALSE
"age_5_34",2017,172,0.174703870844597,-3.88340271607004,0.00803472331808118,0.00226513249251399,0.0138043141436484,0.0143615761467604,FALSE
"age_5_34",2018,200,0.204457728471979,12.4862377354474,0.00803472331808118,0.00226513249251399,0.0138043141436484,0.0143615761467604,FALSE
"age_5_34",2019,218,0.224246735926745,23.3735297627112,0.00803472331808118,0.00226513249251399,0.0138043141436484,0.0143615761467604,FALSE
"age_5_34",2020,236,0.244126482344276,34.3107435249645,0.00803472331808118,0.00226513249251399,0.0138043141436484,0.0143615761467604,FALSE
"age_5_34",2021,210,0.218589238999572,20.2609521698088,0.00803472331808118,0.00226513249251399,0.0138043141436484,0.0143615761467604,FALSE
"age_7_34_control",2014,171,0.181459921472423,0,0.0093574309462341,0.00310099826634118,0.015613863626127,0.0105829482904751,FALSE
"age_7_34_control",2015,174,0.185539847486672,2.24838960644476,0.0093574309462341,0.00310099826634118,0.015613863626127,0.0105829482904751,FALSE
"age_7_34_control",2016,179,0.191946699296891,5.77911515632463,0.0093574309462341,0.00310099826634118,0.015613863626127,0.0105829482904751,FALSE
"age_7_34_control",2017,164,0.177026230904941,-2.44334425558287,0.0093574309462341,0.00310099826634118,0.015613863626127,0.0105829482904751,FALSE
"age_7_34_control",2018,190,0.206504772069869,13.8018634606605,0.0093574309462341,0.00310099826634118,0.015613863626127,0.0105829482904751,FALSE
"age_7_34_control",2019,208,0.227642342622695,25.4504800704934,0.0093574309462341,0.00310099826634118,0.015613863626127,0.0105829482904751,FALSE
"age_7_34_control",2020,232,0.255706193935866,40.9160721888256,0.0093574309462341,0.00310099826634118,0.015613863626127,0.0105829482904751,FALSE
"age_7_34_control",2021,202,0.224120920914639,23.509874299543,0.0093574309462341,0.00310099826634118,0.015613863626127,0.0105829482904751,FALSE
"age_standardized_2014std",2014,2034,1.12219168427604,0,0.000214199885307397,-0.0213154479540557,0.0217438477246705,0.981367280952918,FALSE
"age_standardized_2014std",2015,2142,1.14444095454506,1.98266219405949,0.000214199885307397,-0.0213154479540557,0.0217438477246705,0.981367280952918,FALSE
"age_standardized_2014std",2016,2187,1.13219370561579,0.891293482200493,0.000214199885307397,-0.0213154479540557,0.0217438477246705,0.981367280952918,FALSE
"age_standardized_2014std",2017,2416,1.20753950210914,7.60545805400106,0.000214199885307397,-0.0213154479540557,0.0217438477246705,0.981367280952918,FALSE
"age_standardized_2014std",2018,2242,1.08874356636809,-2.98060646649024,0.000214199885307397,-0.0213154479540557,0.0217438477246705,0.981367280952918,FALSE
"age_standardized_2014std",2019,2419,1.14032964174375,1.61629761847813,0.000214199885307397,-0.0213154479540557,0.0217438477246705,0.981367280952918,FALSE
"age_standardized_2014std",2020,2677,1.22975992966618,9.58555003546821,0.000214199885307397,-0.0213154479540557,0.0217438477246705,0.981367280952918,FALSE
"age_standardized_2014std",2021,2422,1.07730397600708,-4.00000364446806,0.000214199885307397,-0.0213154479540557,0.0217438477246705,0.981367280952918,FALSE
"brum_crude_national_gt6_pop",2014,2034,1.12219168427604,0,0.0269964913422899,0.0030722496718301,0.0509207330127497,0.0328047794700622,FALSE
"brum_crude_national_gt6_pop",2015,2142,1.17069385992112,4.32209366052974,0.0269964913422899,0.0030722496718301,0.0509207330127497,0.0328047794700622,FALSE
"brum_crude_national_gt6_pop",2016,2187,1.18441618939984,5.54490877054947,0.0269964913422899,0.0030722496718301,0.0509207330127497,0.0328047794700622,FALSE
"brum_crude_national_gt6_pop",2017,2416,1.29701901277945,15.5790967758065,0.0269964913422899,0.0030722496718301,0.0509207330127497,0.0328047794700622,FALSE
"brum_crude_national_gt6_pop",2018,2242,1.19321853141186,6.32929722533482,0.0269964913422899,0.0030722496718301,0.0509207330127497,0.0328047794700622,FALSE
"brum_crude_national_gt6_pop",2019,2419,1.27647775809008,13.7486381316023,0.0269964913422899,0.0030722496718301,0.0509207330127497,0.0328047794700622,FALSE
"brum_crude_national_gt6_pop",2020,2677,1.40095962018326,24.8413831445439,0.0269964913422899,0.0030722496718301,0.0509207330127497,0.0328047794700622,FALSE
"brum_crude_national_gt6_pop",2021,2422,1.25704771952444,12.0172014405367,0.0269964913422899,0.0030722496718301,0.0509207330127497,0.0328047794700622,FALSE
"brum_crude_national_total_pop",2014,2034,1.00834066780538,0,0.0251088931496388,0.0035488465483323,0.0466689397509453,0.0291938398441229,FALSE
"brum_crude_national_total_pop",2015,2142,1.05270564443811,4.39980038981135,0.0251088931496388,0.0035488465483323,0.0466689397509453,0.0291938398441229,FALSE
"brum_crude_national_total_pop",2016,2187,1.06601500443171,5.71972731714314,0.0251088931496388,0.0035488465483323,0.0466689397509453,0.0291938398441229,FALSE
"brum_crude_national_total_pop",2017,2416,1.16825174718794,15.8588346665219,0.0251088931496388,0.0035488465483323,0.0466689397509453,0.0291938398441229,FALSE
"brum_crude_national_total_pop",2018,2242,1.07532606313152,6.64313138058064,0.0251088931496388,0.0035488465483323,0.0466689397509453,0.0291938398441229,FALSE
"brum_crude_national_total_pop",2019,2419,1.15109830791166,14.1576795089483,0.0251088931496388,0.0035488465483323,0.0466689397509453,0.0291938398441229,FALSE
"brum_crude_national_total_pop",2020,2677,1.26419269995349,25.3735706906436,0.0251088931496388,0.0035488465483323,0.0466689397509453,0.0291938398441229,FALSE
"brum_crude_national_total_pop",2021,2422,1.13539602789247,12.6004399250918,0.0251088931496388,0.0035488465483323,0.0466689397509453,0.0291938398441229,FALSE
