"series","year","n_deaths","population","rate"
"age_5_34",2014,182,100130699,0.181762438310752
"age_5_34",2015,189,99610503,0.189739027821193
"age_5_34",2016,184,99048598,0.185767394708606
"age_5_34",2017,172,98452312,0.174703870844597
"age_5_34",2018,200,97819731,0.204457728471979
"age_5_34",2019,218,97214347,0.224246735926745
"age_5_34",2020,236,96671200,0.244126482344276
"age_5_34",2021,210,96070603,0.218589238999572
"age_7_34_control",2014,171,94235685,0.181459921472423
"age_7_34_control",2015,174,93780394,0.185539847486672
"age_7_34_control",2016,179,93255055,0.191946699296891
"age_7_34_control",2017,164,92641638,0.177026230904941
"age_7_34_control",2018,190,92007559,0.206504772069869
"age_7_34_control",2019,208,91371402,0.227642342622695
"age_7_34_control",2020,232,90729128,0.255706193935866
"age_7_34_control",2021,202,90129917,0.224120920914639
"age_35_59",2014,452,62893940,0.718670193026546
"age_35_59",2015,485,64149669,0.75604443103206
"age_35_59",2016,515,65398428,0.787480702135531
"age_35_59",2017,567,66640781,0.850830364668145
"age_35_59",2018,504,67862310,0.742680288955681
"age_35_59",2019,524,69039371,0.758987216149463
"age_35_59",2020,709,70157104,1.01058903457589
"age_35_59",2021,591,71213520,0.829898592289779
