"year","n_deaths","population","rate","denominator_basis"
2014,2041,201717541,1.01181086676047,"total_population"
2015,2148,203475683,1.05565439974466,"total_population"
2016,2190,205156587,1.06747730210583,"total_population"
2017,2423,206804741,1.17163658254817,"total_population"
2018,2249,208494900,1.07868345940356,"total_population"
2019,2426,210147125,1.1544293075625,"total_population"
2020,2678,211755692,1.26466494227697,"total_population"
2021,2428,213317639,1.13820873481541,"total_population"
2014,2041,181252457,1.12605370088859,"population_gt6"
2015,2148,182968415,1.17397311443071,"population_gt6"
2016,2190,184647932,1.18604090296554,"population_gt6"
2017,2423,186273291,1.30077693210456,"population_gt6"
2018,2249,187895171,1.19694401299967,"population_gt6"
2019,2426,189505848,1.28017157549671,"population_gt6"
2020,2678,191083309,1.40148295212953,"population_gt6"
2021,2428,192673672,1.26016179314837,"population_gt6"
