"year","age","population","source_version"
2014,0,2951596,"ibge_2018_revision"
2014,1,2907571,"ibge_2018_revision"
2014,2,2913780,"ibge_2018_revision"
2014,3,2902799,"ibge_2018_revision"
2014,4,2894324,"ibge_2018_revision"
2014,5,2937447,"ibge_2018_revision"
2014,6,2957567,"ibge_2018_revision"
2014,7,2980967,"ibge_2018_revision"
2014,8,3058003,"ibge_2018_revision"
2014,9,3095657,"ibge_2018_revision"
2014,10,3106737,"ibge_2018_revision"
2014,11,3137323,"ibge_2018_revision"
2014,12,3188949,"ibge_2018_revision"
2014,13,3317154,"ibge_2018_revision"
2014,14,3381821,"ibge_2018_revision"
2014,15,3463340,"ibge_2018_revision"
2014,16,3512256,"ibge_2018_revision"
2014,17,3512514,"ibge_2018_revision"
2014,18,3481532,"ibge_2018_revision"
2014,19,3454447,"ibge_2018_revision"
2014,20,3422032,"ibge_2018_revision"
2014,21,3403056,"ibge_2018_revision"
2014,22,3411255,"ibge_2018_revision"
2014,23,3435840,"ibge_2018_revision"
2014,24,3452602,"ibge_2018_revision"
2014,25,3464917,"ibge_2018_revision"
2014,26,3475192,"ibge_2018_revision"
2014,27,3482254,"ibge_2018_revision"
2014,28,3484793,"ibge_2018_revision"
2014,29,3484190,"ibge_2018_revision"
2014,30,3481182,"ibge_2018_revision"
2014,31,3461781,"ibge_2018_revision"
2014,32,3420099,"ibge_2018_revision"
2014,33,3362244,"ibge_2018_revision"
2014,34,3303548,"ibge_2018_revision"
2014,35,3243157,"ibge_2018_revision"
2014,36,3173369,"ibge_2018_revision"
2014,37,3093575,"ibge_2018_revision"
2014,38,3008583,"ibge_2018_revision"
2014,39,2923064,"ibge_2018_revision"
2014,40,2832595,"ibge_2018_revision"
2014,41,2759719,"ibge_2018_revision"
2014,42,2716747,"ibge_2018_revision"
2014,43,2692745,"ibge_2018_revision"
2014,44,2666537,"ibge_2018_revision"
2014,45,2640400,"ibge_2018_revision"
2014,46,2607048,"ibge_2018_revision"
2014,47,2562990,"ibge_2018_revision"
2014,48,2511216,"ibge_2018_revision"
2014,49,2462557,"ibge_2018_revision"
2014,50,2413459,"ibge_2018_revision"
2014,51,2355490,"ibge_2018_revision"
2014,52,2289084,"ibge_2018_revision"
2014,53,2216599,"ibge_2018_revision"
2014,54,2145301,"ibge_2018_revision"
2014,55,2071754,"ibge_2018_revision"
2014,56,1993987,"ibge_2018_revision"
2014,57,1915784,"ibge_2018_revision"
2014,58,1837396,"ibge_2018_revision"
2014,59,1760784,"ibge_2018_revision"
2014,60,1682585,"ibge_2018_revision"
2014,61,1602951,"ibge_2018_revision"
2014,62,1526628,"ibge_2018_revision"
2014,63,1452791,"ibge_2018_revision"
2014,64,1382981,"ibge_2018_revision"
2014,65,1313745,"ibge_2018_revision"
2014,66,1239325,"ibge_2018_revision"
2014,67,1162888,"ibge_2018_revision"
2014,68,1086642,"ibge_2018_revision"
2014,69,1016704,"ibge_2018_revision"
2014,70,945780,"ibge_2018_revision"
2014,71,879138,"ibge_2018_revision"
2014,72,826032,"ibge_2018_revision"
2014,73,781884,"ibge_2018_revision"
2014,74,743113,"ibge_2018_revision"
2014,75,705571,"ibge_2018_revision"
2014,76,658827,"ibge_2018_revision"
2014,77,605866,"ibge_2018_revision"
2014,78,550295,"ibge_2018_revision"
2014,79,503017,"ibge_2018_revision"
2014,80,455625,"ibge_2018_revision"
2014,81,407315,"ibge_2018_revision"
2014,82,366499,"ibge_2018_revision"
2014,83,331001,"ibge_2018_revision"
2014,84,300726,"ibge_2018_revision"
2014,85,270027,"ibge_2018_revision"
2014,86,235700,"ibge_2018_revision"
2014,87,203807,"ibge_2018_revision"
2014,88,174006,"ibge_2018_revision"
2014,89,149014,"ibge_2018_revision"
2014,90,562349,"ibge_2018_revision"
2015,0,3011378,"ibge_2018_revision"
2015,1,2946396,"ibge_2018_revision"
2015,2,2905337,"ibge_2018_revision"
2015,3,2912360,"ibge_2018_revision"
2015,4,2901688,"ibge_2018_revision"
2015,5,2893442,"ibge_2018_revision"
2015,6,2936667,"ibge_2018_revision"
2015,7,2956781,"ibge_2018_revision"
2015,8,2980185,"ibge_2018_revision"
2015,9,3057196,"ibge_2018_revision"
2015,10,3094760,"ibge_2018_revision"
2015,11,3105739,"ibge_2018_revision"
2015,12,3136322,"ibge_2018_revision"
2015,13,3187938,"ibge_2018_revision"
2015,14,3316101,"ibge_2018_revision"
2015,15,3379467,"ibge_2018_revision"
2015,16,3459596,"ibge_2018_revision"
2015,17,3508482,"ibge_2018_revision"
2015,18,3508737,"ibge_2018_revision"
2015,19,3477814,"ibge_2018_revision"
2015,20,3449895,"ibge_2018_revision"
2015,21,3416652,"ibge_2018_revision"
2015,22,3397734,"ibge_2018_revision"
2015,23,3405954,"ibge_2018_revision"
2015,24,3430534,"ibge_2018_revision"
2015,25,3447142,"ibge_2018_revision"
2015,26,3459293,"ibge_2018_revision"
2015,27,3469574,"ibge_2018_revision"
2015,28,3476641,"ibge_2018_revision"
2015,29,3479201,"ibge_2018_revision"
2015,30,3478228,"ibge_2018_revision"
2015,31,3474852,"ibge_2018_revision"
2015,32,3455505,"ibge_2018_revision"
2015,33,3413907,"ibge_2018_revision"
2015,34,3356164,"ibge_2018_revision"
2015,35,3296895,"ibge_2018_revision"
2015,36,3235948,"ibge_2018_revision"
2015,37,3166322,"ibge_2018_revision"
2015,38,3086727,"ibge_2018_revision"
2015,39,3001929,"ibge_2018_revision"
2015,40,2915453,"ibge_2018_revision"
2015,41,2824085,"ibge_2018_revision"
2015,42,2751444,"ibge_2018_revision"
2015,43,2708609,"ibge_2018_revision"
2015,44,2684692,"ibge_2018_revision"
2015,45,2656764,"ibge_2018_revision"
2015,46,2628901,"ibge_2018_revision"
2015,47,2595716,"ibge_2018_revision"
2015,48,2551870,"ibge_2018_revision"
2015,49,2500347,"ibge_2018_revision"
2015,50,2449527,"ibge_2018_revision"
2015,51,2398305,"ibge_2018_revision"
2015,52,2340738,"ibge_2018_revision"
2015,53,2274766,"ibge_2018_revision"
2015,54,2202750,"ibge_2018_revision"
2015,55,2129014,"ibge_2018_revision"
2015,56,2053159,"ibge_2018_revision"
2015,57,1976113,"ibge_2018_revision"
2015,58,1898627,"ibge_2018_revision"
2015,59,1820968,"ibge_2018_revision"
2015,60,1741643,"ibge_2018_revision"
2015,61,1660987,"ibge_2018_revision"
2015,62,1582386,"ibge_2018_revision"
2015,63,1507047,"ibge_2018_revision"
2015,64,1434167,"ibge_2018_revision"
2015,65,1360890,"ibge_2018_revision"
2015,66,1288498,"ibge_2018_revision"
2015,67,1215510,"ibge_2018_revision"
2015,68,1140552,"ibge_2018_revision"
2015,69,1065790,"ibge_2018_revision"
2015,70,991999,"ibge_2018_revision"
2015,71,917802,"ibge_2018_revision"
2015,72,853155,"ibge_2018_revision"
2015,73,801654,"ibge_2018_revision"
2015,74,758855,"ibge_2018_revision"
2015,75,715425,"ibge_2018_revision"
2015,76,673518,"ibge_2018_revision"
2015,77,628957,"ibge_2018_revision"
2015,78,578455,"ibge_2018_revision"
2015,79,525463,"ibge_2018_revision"
2015,80,474396,"ibge_2018_revision"
2015,81,424008,"ibge_2018_revision"
2015,82,379117,"ibge_2018_revision"
2015,83,341183,"ibge_2018_revision"
2015,84,308167,"ibge_2018_revision"
2015,85,274729,"ibge_2018_revision"
2015,86,241536,"ibge_2018_revision"
2015,87,210847,"ibge_2018_revision"
2015,88,182339,"ibge_2018_revision"
2015,89,155697,"ibge_2018_revision"
2015,90,603580,"ibge_2018_revision"
2016,0,2949233,"ibge_2018_revision"
2016,1,3006426,"ibge_2018_revision"
2016,2,2944202,"ibge_2018_revision"
2016,3,2903970,"ibge_2018_revision"
2016,4,2911281,"ibge_2018_revision"
2016,5,2900833,"ibge_2018_revision"
2016,6,2892710,"ibge_2018_revision"
2016,7,2935919,"ibge_2018_revision"
2016,8,2956029,"ibge_2018_revision"
2016,9,2979427,"ibge_2018_revision"
2016,10,3056332,"ibge_2018_revision"
2016,11,3093800,"ibge_2018_revision"
2016,12,3104777,"ibge_2018_revision"
2016,13,3135349,"ibge_2018_revision"
2016,14,3186956,"ibge_2018_revision"
2016,15,3313855,"ibge_2018_revision"
2016,16,3375918,"ibge_2018_revision"
2016,17,3455964,"ibge_2018_revision"
2016,18,3504802,"ibge_2018_revision"
2016,19,3505076,"ibge_2018_revision"
2016,20,3473359,"ibge_2018_revision"
2016,21,3444625,"ibge_2018_revision"
2016,22,3411460,"ibge_2018_revision"
2016,23,3392603,"ibge_2018_revision"
2016,24,3400834,"ibge_2018_revision"
2016,25,3425282,"ibge_2018_revision"
2016,26,3441736,"ibge_2018_revision"
2016,27,3453888,"ibge_2018_revision"
2016,28,3464168,"ibge_2018_revision"
2016,29,3471248,"ibge_2018_revision"
2016,30,3473434,"ibge_2018_revision"
2016,31,3472097,"ibge_2018_revision"
2016,32,3468740,"ibge_2018_revision"
2016,33,3449446,"ibge_2018_revision"
2016,34,3407931,"ibge_2018_revision"
2016,35,3349609,"ibge_2018_revision"
2016,36,3289771,"ibge_2018_revision"
2016,37,3228964,"ibge_2018_revision"
2016,38,3159507,"ibge_2018_revision"
2016,39,3080092,"ibge_2018_revision"
2016,40,2994315,"ibge_2018_revision"
2016,41,2906914,"ibge_2018_revision"
2016,42,2815823,"ibge_2018_revision"
2016,43,2743409,"ibge_2018_revision"
2016,44,2700717,"ibge_2018_revision"
2016,45,2675084,"ibge_2018_revision"
2016,46,2645465,"ibge_2018_revision"
2016,47,2617740,"ibge_2018_revision"
2016,48,2584697,"ibge_2018_revision"
2016,49,2541072,"ibge_2018_revision"
2016,50,2487387,"ibge_2018_revision"
2016,51,2434466,"ibge_2018_revision"
2016,52,2383585,"ibge_2018_revision"
2016,53,2326410,"ibge_2018_revision"
2016,54,2260859,"ibge_2018_revision"
2016,55,2186365,"ibge_2018_revision"
2016,56,2110297,"ibge_2018_revision"
2016,57,2035123,"ibge_2018_revision"
2016,58,1958765,"ibge_2018_revision"
2016,59,1881992,"ibge_2018_revision"
2016,60,1801556,"ibge_2018_revision"
2016,61,1719692,"ibge_2018_revision"
2016,62,1640075,"ibge_2018_revision"
2016,63,1562473,"ibge_2018_revision"
2016,64,1488097,"ibge_2018_revision"
2016,65,1411684,"ibge_2018_revision"
2016,66,1335212,"ibge_2018_revision"
2016,67,1264205,"ibge_2018_revision"
2016,68,1192596,"ibge_2018_revision"
2016,69,1119058,"ibge_2018_revision"
2016,70,1040347,"ibge_2018_revision"
2016,71,963155,"ibge_2018_revision"
2016,72,891134,"ibge_2018_revision"
2016,73,828389,"ibge_2018_revision"
2016,74,778416,"ibge_2018_revision"
2016,75,731019,"ibge_2018_revision"
2016,76,683431,"ibge_2018_revision"
2016,77,643457,"ibge_2018_revision"
2016,78,600945,"ibge_2018_revision"
2016,79,552749,"ibge_2018_revision"
2016,80,495997,"ibge_2018_revision"
2016,81,441957,"ibge_2018_revision"
2016,82,395085,"ibge_2018_revision"
2016,83,353315,"ibge_2018_revision"
2016,84,318011,"ibge_2018_revision"
2016,85,281933,"ibge_2018_revision"
2016,86,246190,"ibge_2018_revision"
2016,87,216464,"ibge_2018_revision"
2016,88,188983,"ibge_2018_revision"
2016,89,163447,"ibge_2018_revision"
2016,90,645377,"ibge_2018_revision"
2017,0,2925966,"ibge_2018_revision"
2017,1,2944629,"ibge_2018_revision"
2017,2,3004309,"ibge_2018_revision"
2017,3,2942897,"ibge_2018_revision"
2017,4,2902975,"ibge_2018_revision"
2017,5,2910497,"ibge_2018_revision"
2017,6,2900177,"ibge_2018_revision"
2017,7,2892038,"ibge_2018_revision"
2017,8,2935241,"ibge_2018_revision"
2017,9,2955346,"ibge_2018_revision"
2017,10,2978631,"ibge_2018_revision"
2017,11,3055429,"ibge_2018_revision"
2017,12,3092896,"ibge_2018_revision"
2017,13,3103860,"ibge_2018_revision"
2017,14,3134421,"ibge_2018_revision"
2017,15,3184894,"ibge_2018_revision"
2017,16,3310501,"ibge_2018_revision"
2017,17,3372492,"ibge_2018_revision"
2017,18,3452468,"ibge_2018_revision"
2017,19,3501275,"ibge_2018_revision"
2017,20,3500891,"ibge_2018_revision"
2017,21,3468402,"ibge_2018_revision"
2017,22,3439740,"ibge_2018_revision"
2017,23,3406636,"ibge_2018_revision"
2017,24,3387851,"ibge_2018_revision"
2017,25,3396091,"ibge_2018_revision"
2017,26,3420408,"ibge_2018_revision"
2017,27,3436872,"ibge_2018_revision"
2017,28,3449010,"ibge_2018_revision"
2017,29,3459298,"ibge_2018_revision"
2017,30,3465912,"ibge_2018_revision"
2017,31,3467726,"ibge_2018_revision"
2017,32,3466405,"ibge_2018_revision"
2017,33,3463076,"ibge_2018_revision"
2017,34,3443828,"ibge_2018_revision"
2017,35,3401625,"ibge_2018_revision"
2017,36,3342730,"ibge_2018_revision"
2017,37,3283035,"ibge_2018_revision"
2017,38,3222366,"ibge_2018_revision"
2017,39,3153059,"ibge_2018_revision"
2017,40,3072598,"ibge_2018_revision"
2017,41,2985862,"ibge_2018_revision"
2017,42,2898729,"ibge_2018_revision"
2017,43,2807913,"ibge_2018_revision"
2017,44,2735729,"ibge_2018_revision"
2017,45,2691373,"ibge_2018_revision"
2017,46,2664052,"ibge_2018_revision"
2017,47,2634571,"ibge_2018_revision"
2017,48,2606969,"ibge_2018_revision"
2017,49,2574083,"ibge_2018_revision"
2017,50,2528205,"ibge_2018_revision"
2017,51,2472445,"ibge_2018_revision"
2017,52,2419868,"ibge_2018_revision"
2017,53,2369330,"ibge_2018_revision"
2017,54,2312523,"ibge_2018_revision"
2017,55,2244405,"ibge_2018_revision"
2017,56,2167544,"ibge_2018_revision"
2017,57,2092153,"ibge_2018_revision"
2017,58,2017645,"ibge_2018_revision"
2017,59,1941969,"ibge_2018_revision"
2017,60,1862313,"ibge_2018_revision"
2017,61,1779266,"ibge_2018_revision"
2017,62,1698442,"ibge_2018_revision"
2017,63,1619824,"ibge_2018_revision"
2017,64,1543197,"ibge_2018_revision"
2017,65,1465203,"ibge_2018_revision"
2017,66,1385543,"ibge_2018_revision"
2017,67,1310488,"ibge_2018_revision"
2017,68,1240817,"ibge_2018_revision"
2017,69,1170539,"ibge_2018_revision"
2017,70,1092792,"ibge_2018_revision"
2017,71,1010600,"ibge_2018_revision"
2017,72,935637,"ibge_2018_revision"
2017,73,865693,"ibge_2018_revision"
2017,74,804762,"ibge_2018_revision"
2017,75,750291,"ibge_2018_revision"
2017,76,698829,"ibge_2018_revision"
2017,77,653389,"ibge_2018_revision"
2017,78,615231,"ibge_2018_revision"
2017,79,574635,"ibge_2018_revision"
2017,80,522201,"ibge_2018_revision"
2017,81,462557,"ibge_2018_revision"
2017,82,412227,"ibge_2018_revision"
2017,83,368582,"ibge_2018_revision"
2017,84,329668,"ibge_2018_revision"
2017,85,291334,"ibge_2018_revision"
2017,86,253080,"ibge_2018_revision"
2017,87,221019,"ibge_2018_revision"
2017,88,194355,"ibge_2018_revision"
2017,89,169701,"ibge_2018_revision"
2017,90,688657,"ibge_2018_revision"
2018,0,2978233,"ibge_2018_revision"
2018,1,2921621,"ibge_2018_revision"
2018,2,2942668,"ibge_2018_revision"
2018,3,3003071,"ibge_2018_revision"
2018,4,2941964,"ibge_2018_revision"
2018,5,2902265,"ibge_2018_revision"
2018,6,2909907,"ibge_2018_revision"
2018,7,2899576,"ibge_2018_revision"
2018,8,2891446,"ibge_2018_revision"
2018,9,2934635,"ibge_2018_revision"
2018,10,2954630,"ibge_2018_revision"
2018,11,2977789,"ibge_2018_revision"
2018,12,3054579,"ibge_2018_revision"
2018,13,3092033,"ibge_2018_revision"
2018,14,3102993,"ibge_2018_revision"
2018,15,3132463,"ibge_2018_revision"
2018,16,3181789,"ibge_2018_revision"
2018,17,3307273,"ibge_2018_revision"
2018,18,3369211,"ibge_2018_revision"
2018,19,3449110,"ibge_2018_revision"
2018,20,3497268,"ibge_2018_revision"
2018,21,3496242,"ibge_2018_revision"
2018,22,3463828,"ibge_2018_revision"
2018,23,3435237,"ibge_2018_revision"
2018,24,3402205,"ibge_2018_revision"
2018,25,3383511,"ibge_2018_revision"
2018,26,3391770,"ibge_2018_revision"
2018,27,3416082,"ibge_2018_revision"
2018,28,3432546,"ibge_2018_revision"
2018,29,3444684,"ibge_2018_revision"
2018,30,3454499,"ibge_2018_revision"
2018,31,3460653,"ibge_2018_revision"
2018,32,3462470,"ibge_2018_revision"
2018,33,3461170,"ibge_2018_revision"
2018,34,3457867,"ibge_2018_revision"
2018,35,3437883,"ibge_2018_revision"
2018,36,3395014,"ibge_2018_revision"
2018,37,3336246,"ibge_2018_revision"
2018,38,3276669,"ibge_2018_revision"
2018,39,3216153,"ibge_2018_revision"
2018,40,3145742,"ibge_2018_revision"
2018,41,3064254,"ibge_2018_revision"
2018,42,2977783,"ibge_2018_revision"
2018,43,2890907,"ibge_2018_revision"
2018,44,2800349,"ibge_2018_revision"
2018,45,2726599,"ibge_2018_revision"
2018,46,2680619,"ibge_2018_revision"
2018,47,2653416,"ibge_2018_revision"
2018,48,2624065,"ibge_2018_revision"
2018,49,2596588,"ibge_2018_revision"
2018,50,2561409,"ibge_2018_revision"
2018,51,2513348,"ibge_2018_revision"
2018,52,2457948,"ibge_2018_revision"
2018,53,2405722,"ibge_2018_revision"
2018,54,2355505,"ibge_2018_revision"
2018,55,2296057,"ibge_2018_revision"
2018,56,2225471,"ibge_2018_revision"
2018,57,2149295,"ibge_2018_revision"
2018,58,2074561,"ibge_2018_revision"
2018,59,2000707,"ibge_2018_revision"
2018,60,1922056,"ibge_2018_revision"
2018,61,1839683,"ibge_2018_revision"
2018,62,1757673,"ibge_2018_revision"
2018,63,1677850,"ibge_2018_revision"
2018,64,1600208,"ibge_2018_revision"
2018,65,1519880,"ibge_2018_revision"
2018,66,1438544,"ibge_2018_revision"
2018,67,1360352,"ibge_2018_revision"
2018,68,1286674,"ibge_2018_revision"
2018,69,1218281,"ibge_2018_revision"
2018,70,1143529,"ibge_2018_revision"
2018,71,1062040,"ibge_2018_revision"
2018,72,982200,"ibge_2018_revision"
2018,73,909360,"ibge_2018_revision"
2018,74,841400,"ibge_2018_revision"
2018,75,776119,"ibge_2018_revision"
2018,76,717728,"ibge_2018_revision"
2018,77,668561,"ibge_2018_revision"
2018,78,625150,"ibge_2018_revision"
2018,79,588692,"ibge_2018_revision"
2018,80,543320,"ibge_2018_revision"
2018,81,487467,"ibge_2018_revision"
2018,82,431874,"ibge_2018_revision"
2018,83,384950,"ibge_2018_revision"
2018,84,344249,"ibge_2018_revision"
2018,85,302401,"ibge_2018_revision"
2018,86,261946,"ibge_2018_revision"
2018,87,227578,"ibge_2018_revision"
2018,88,198776,"ibge_2018_revision"
2018,89,174816,"ibge_2018_revision"
2018,90,731945,"ibge_2018_revision"
2019,0,2960946,"ibge_2018_revision"
2019,1,2974028,"ibge_2018_revision"
2019,2,2919723,"ibge_2018_revision"
2019,3,2941493,"ibge_2018_revision"
2019,4,3002142,"ibge_2018_revision"
2019,5,2941253,"ibge_2018_revision"
2019,6,2901692,"ibge_2018_revision"
2019,7,2909330,"ibge_2018_revision"
2019,8,2898984,"ibge_2018_revision"
2019,9,2890873,"ibge_2018_revision"
2019,10,2933938,"ibge_2018_revision"
2019,11,2953823,"ibge_2018_revision"
2019,12,2976980,"ibge_2018_revision"
2019,13,3053744,"ibge_2018_revision"
2019,14,3091191,"ibge_2018_revision"
2019,15,3101092,"ibge_2018_revision"
2019,16,3129470,"ibge_2018_revision"
2019,17,3178755,"ibge_2018_revision"
2019,18,3304134,"ibge_2018_revision"
2019,19,3366013,"ibge_2018_revision"
2019,20,3445207,"ibge_2018_revision"
2019,21,3492711,"ibge_2018_revision"
2019,22,3491711,"ibge_2018_revision"
2019,23,3459375,"ibge_2018_revision"
2019,24,3430849,"ibge_2018_revision"
2019,25,3397885,"ibge_2018_revision"
2019,26,3379279,"ibge_2018_revision"
2019,27,3387554,"ibge_2018_revision"
2019,28,3411860,"ibge_2018_revision"
2019,29,3428326,"ibge_2018_revision"
2019,30,3440019,"ibge_2018_revision"
2019,31,3449367,"ibge_2018_revision"
2019,32,3455518,"ibge_2018_revision"
2019,33,3457349,"ibge_2018_revision"
2019,34,3456065,"ibge_2018_revision"
2019,35,3452042,"ibge_2018_revision"
2019,36,3431336,"ibge_2018_revision"
2019,37,3388567,"ibge_2018_revision"
2019,38,3329919,"ibge_2018_revision"
2019,39,3270478,"ibge_2018_revision"
2019,40,3208847,"ibge_2018_revision"
2019,41,3137371,"ibge_2018_revision"
2019,42,3056120,"ibge_2018_revision"
2019,43,2969897,"ibge_2018_revision"
2019,44,2883278,"ibge_2018_revision"
2019,45,2791178,"ibge_2018_revision"
2019,46,2715911,"ibge_2018_revision"
2019,47,2670125,"ibge_2018_revision"
2019,48,2643046,"ibge_2018_revision"
2019,49,2613816,"ibge_2018_revision"
2019,50,2584054,"ibge_2018_revision"
2019,51,2546632,"ibge_2018_revision"
2019,52,2498870,"ibge_2018_revision"
2019,53,2443840,"ibge_2018_revision"
2019,54,2391933,"ibge_2018_revision"
2019,55,2339026,"ibge_2018_revision"
2019,56,2277027,"ibge_2018_revision"
2019,57,2207064,"ibge_2018_revision"
2019,58,2131540,"ibge_2018_revision"
2019,59,2057454,"ibge_2018_revision"
2019,60,1980535,"ibge_2018_revision"
2019,61,1899076,"ibge_2018_revision"
2019,62,1817715,"ibge_2018_revision"
2019,63,1736724,"ibge_2018_revision"
2019,64,1657860,"ibge_2018_revision"
2019,65,1576428,"ibge_2018_revision"
2019,66,1492681,"ibge_2018_revision"
2019,67,1412829,"ibge_2018_revision"
2019,68,1336041,"ibge_2018_revision"
2019,69,1263701,"ibge_2018_revision"
2019,70,1190616,"ibge_2018_revision"
2019,71,1111846,"ibge_2018_revision"
2019,72,1032646,"ibge_2018_revision"
2019,73,955046,"ibge_2018_revision"
2019,74,884234,"ibge_2018_revision"
2019,75,811907,"ibge_2018_revision"
2019,76,742905,"ibge_2018_revision"
2019,77,687080,"ibge_2018_revision"
2019,78,640072,"ibge_2018_revision"
2019,79,598572,"ibge_2018_revision"
2019,80,557051,"ibge_2018_revision"
2019,81,507663,"ibge_2018_revision"
2019,82,455554,"ibge_2018_revision"
2019,83,403675,"ibge_2018_revision"
2019,84,359872,"ibge_2018_revision"
2019,85,316145,"ibge_2018_revision"
2019,86,272306,"ibge_2018_revision"
2019,87,235923,"ibge_2018_revision"
2019,88,204992,"ibge_2018_revision"
2019,89,179076,"ibge_2018_revision"
2019,90,774304,"ibge_2018_revision"
2020,0,2942121,"ibge_2018_revision"
2020,1,2956915,"ibge_2018_revision"
2020,2,2972122,"ibge_2018_revision"
2020,3,2918562,"ibge_2018_revision"
2020,4,2940591,"ibge_2018_revision"
2020,5,3001417,"ibge_2018_revision"
2020,6,2940655,"ibge_2018_revision"
2020,7,2901105,"ibge_2018_revision"
2020,8,2908740,"ibge_2018_revision"
2020,9,2898394,"ibge_2018_revision"
2020,10,2890200,"ibge_2018_revision"
2020,11,2933151,"ibge_2018_revision"
2020,12,2953026,"ibge_2018_revision"
2020,13,2976180,"ibge_2018_revision"
2020,14,3052921,"ibge_2018_revision"
2020,15,3089327,"ibge_2018_revision"
2020,16,3098180,"ibge_2018_revision"
2020,17,3126531,"ibge_2018_revision"
2020,18,3175776,"ibge_2018_revision"
2020,19,3301049,"ibge_2018_revision"
2020,20,3362232,"ibge_2018_revision"
2020,21,3440720,"ibge_2018_revision"
2020,22,3488167,"ibge_2018_revision"
2020,23,3487207,"ibge_2018_revision"
2020,24,3454940,"ibge_2018_revision"
2020,25,3426440,"ibge_2018_revision"
2020,26,3393557,"ibge_2018_revision"
2020,27,3374991,"ibge_2018_revision"
2020,28,3383287,"ibge_2018_revision"
2020,29,3407591,"ibge_2018_revision"
2020,30,3423641,"ibge_2018_revision"
2020,31,3434898,"ibge_2018_revision"
2020,32,3444250,"ibge_2018_revision"
2020,33,3450397,"ibge_2018_revision"
2020,34,3452230,"ibge_2018_revision"
2020,35,3450267,"ibge_2018_revision"
2020,36,3445525,"ibge_2018_revision"
2020,37,3424878,"ibge_2018_revision"
2020,38,3382197,"ibge_2018_revision"
2020,39,3323678,"ibge_2018_revision"
2020,40,3263134,"ibge_2018_revision"
2020,41,3200417,"ibge_2018_revision"
2020,42,3129140,"ibge_2018_revision"
2020,43,3048127,"ibge_2018_revision"
2020,44,2962156,"ibge_2018_revision"
2020,45,2873958,"ibge_2018_revision"
2020,46,2780384,"ibge_2018_revision"
2020,47,2705434,"ibge_2018_revision"
2020,48,2659840,"ibge_2018_revision"
2020,49,2632888,"ibge_2018_revision"
2020,50,2601399,"ibge_2018_revision"
2020,51,2569401,"ibge_2018_revision"
2020,52,2532196,"ibge_2018_revision"
2020,53,2484744,"ibge_2018_revision"
2020,54,2430064,"ibge_2018_revision"
2020,55,2375463,"ibge_2018_revision"
2020,56,2319945,"ibge_2018_revision"
2020,57,2258489,"ibge_2018_revision"
2020,58,2189131,"ibge_2018_revision"
2020,59,2114249,"ibge_2018_revision"
2020,60,2037037,"ibge_2018_revision"
2020,61,1957209,"ibge_2018_revision"
2020,62,1876750,"ibge_2018_revision"
2020,63,1796372,"ibge_2018_revision"
2020,64,1716360,"ibge_2018_revision"
2020,65,1633605,"ibge_2018_revision"
2020,66,1548669,"ibge_2018_revision"
2020,67,1466408,"ibge_2018_revision"
2020,68,1387994,"ibge_2018_revision"
2020,69,1312568,"ibge_2018_revision"
2020,70,1235438,"ibge_2018_revision"
2020,71,1158122,"ibge_2018_revision"
2020,72,1081524,"ibge_2018_revision"
2020,73,1004515,"ibge_2018_revision"
2020,74,929064,"ibge_2018_revision"
2020,75,853686,"ibge_2018_revision"
2020,76,777660,"ibge_2018_revision"
2020,77,711615,"ibge_2018_revision"
2020,78,658200,"ibge_2018_revision"
2020,79,613228,"ibge_2018_revision"
2020,80,566831,"ibge_2018_revision"
2020,81,520968,"ibge_2018_revision"
2020,82,474861,"ibge_2018_revision"
2020,83,426183,"ibge_2018_revision"
2020,84,377715,"ibge_2018_revision"
2020,85,330859,"ibge_2018_revision"
2020,86,285079,"ibge_2018_revision"
2020,87,245607,"ibge_2018_revision"
2020,88,212829,"ibge_2018_revision"
2020,89,184956,"ibge_2018_revision"
2020,90,815165,"ibge_2018_revision"
2021,0,2921370,"ibge_2018_revision"
2021,1,2938249,"ibge_2018_revision"
2021,2,2955052,"ibge_2018_revision"
2021,3,2970946,"ibge_2018_revision"
2021,4,2917664,"ibge_2018_revision"
2021,5,2939878,"ibge_2018_revision"
2021,6,3000808,"ibge_2018_revision"
2021,7,2940057,"ibge_2018_revision"
2021,8,2900511,"ibge_2018_revision"
2021,9,2908140,"ibge_2018_revision"
2021,10,2897723,"ibge_2018_revision"
2021,11,2889438,"ibge_2018_revision"
2021,12,2932374,"ibge_2018_revision"
2021,13,2952242,"ibge_2018_revision"
2021,14,2975387,"ibge_2018_revision"
2021,15,3051110,"ibge_2018_revision"
2021,16,3086465,"ibge_2018_revision"
2021,17,3095316,"ibge_2018_revision"
2021,18,3123640,"ibge_2018_revision"
2021,19,3172856,"ibge_2018_revision"
2021,20,3297359,"ibge_2018_revision"
2021,21,3357841,"ibge_2018_revision"
2021,22,3436242,"ibge_2018_revision"
2021,23,3483642,"ibge_2018_revision"
2021,24,3482710,"ibge_2018_revision"
2021,25,3450454,"ibge_2018_revision"
2021,26,3421978,"ibge_2018_revision"
2021,27,3389168,"ibge_2018_revision"
2021,28,3370654,"ibge_2018_revision"
2021,29,3378964,"ibge_2018_revision"
2021,30,3402893,"ibge_2018_revision"
2021,31,3418535,"ibge_2018_revision"
2021,32,3429790,"ibge_2018_revision"
2021,33,3439139,"ibge_2018_revision"
2021,34,3445289,"ibge_2018_revision"
2021,35,3446447,"ibge_2018_revision"
2021,36,3443802,"ibge_2018_revision"
2021,37,3439083,"ibge_2018_revision"
2021,38,3418491,"ibge_2018_revision"
2021,39,3375900,"ibge_2018_revision"
2021,40,3316299,"ibge_2018_revision"
2021,41,3254670,"ibge_2018_revision"
2021,42,3192130,"ibge_2018_revision"
2021,43,3121051,"ibge_2018_revision"
2021,44,3040267,"ibge_2018_revision"
2021,45,2952713,"ibge_2018_revision"
2021,46,2862990,"ibge_2018_revision"
2021,47,2769800,"ibge_2018_revision"
2021,48,2695160,"ibge_2018_revision"
2021,49,2649757,"ibge_2018_revision"
2021,50,2620577,"ibge_2018_revision"
2021,51,2586886,"ibge_2018_revision"
2021,52,2555080,"ibge_2018_revision"
2021,53,2518101,"ibge_2018_revision"
2021,54,2470948,"ibge_2018_revision"
2021,55,2413579,"ibge_2018_revision"
2021,56,2356366,"ibge_2018_revision"
2021,57,2301343,"ibge_2018_revision"
2021,58,2240424,"ibge_2018_revision"
2021,59,2171656,"ibge_2018_revision"
2021,60,2093579,"ibge_2018_revision"
2021,61,2013405,"ibge_2018_revision"
2021,62,1934534,"ibge_2018_revision"
2021,63,1855039,"ibge_2018_revision"
2021,64,1775618,"ibge_2018_revision"
2021,65,1691625,"ibge_2018_revision"
2021,66,1605265,"ibge_2018_revision"
2021,67,1521831,"ibge_2018_revision"
2021,68,1441024,"ibge_2018_revision"
2021,69,1363988,"ibge_2018_revision"
2021,70,1283645,"ibge_2018_revision"
2021,71,1202209,"ibge_2018_revision"
2021,72,1126989,"ibge_2018_revision"
2021,73,1052484,"ibge_2018_revision"
2021,74,977574,"ibge_2018_revision"
2021,75,897420,"ibge_2018_revision"
2021,76,818182,"ibge_2018_revision"
2021,77,745362,"ibge_2018_revision"
2021,78,682098,"ibge_2018_revision"
2021,79,630956,"ibge_2018_revision"
2021,80,581121,"ibge_2018_revision"
2021,81,530592,"ibge_2018_revision"
2021,82,487736,"ibge_2018_revision"
2021,83,444628,"ibge_2018_revision"
2021,84,399114,"ibge_2018_revision"
2021,85,347628,"ibge_2018_revision"
2021,86,298740,"ibge_2018_revision"
2021,87,257471,"ibge_2018_revision"
2021,88,221869,"ibge_2018_revision"
2021,89,192298,"ibge_2018_revision"
2021,90,856211,"ibge_2018_revision"
