"denominator_revision","series","year","n_deaths","rate"
"rev2018","who_standardized_ge7",2014,2035,1.09458068479674
"rev2018","who_standardized_ge7",2015,2142,1.11488197829241
"rev2018","who_standardized_ge7",2016,2187,1.0997803861223
"rev2018","who_standardized_ge7",2017,2418,1.16999907927321
"rev2018","who_standardized_ge7",2018,2243,1.053735259625
"rev2018","who_standardized_ge7",2019,2419,1.11205932012455
"rev2018","who_standardized_ge7",2020,2677,1.19334049049242
"rev2018","who_standardized_ge7",2021,2423,1.04850327760684
"rev2018","who_standardized_5_34",2014,182,0.177879315506096
"rev2018","who_standardized_5_34",2015,189,0.185562718730363
"rev2018","who_standardized_5_34",2016,184,0.18070401306768
"rev2018","who_standardized_5_34",2017,172,0.170165037695239
"rev2018","who_standardized_5_34",2018,200,0.198514952551236
"rev2018","who_standardized_5_34",2019,218,0.218435501132112
"rev2018","who_standardized_5_34",2020,236,0.230313349586488
"rev2018","who_standardized_5_34",2021,210,0.207992533345984
"rev2024","who_standardized_ge7",2014,2035,1.10232893382921
"rev2024","who_standardized_ge7",2015,2142,1.12435516647284
"rev2024","who_standardized_ge7",2016,2187,1.11198397232218
"rev2024","who_standardized_ge7",2017,2418,1.18753354350735
"rev2024","who_standardized_ge7",2018,2243,1.07143864042225
"rev2024","who_standardized_ge7",2019,2419,1.1309317179187
"rev2024","who_standardized_ge7",2020,2677,1.21936887380724
"rev2024","who_standardized_ge7",2021,2423,1.07996610724266
"rev2024","who_standardized_5_34",2014,182,0.178839850863103
"rev2024","who_standardized_5_34",2015,189,0.187073238529034
"rev2024","who_standardized_5_34",2016,184,0.18255794930353
"rev2024","who_standardized_5_34",2017,172,0.172532551356751
"rev2024","who_standardized_5_34",2018,200,0.201833137475643
"rev2024","who_standardized_5_34",2019,218,0.22241990260066
"rev2024","who_standardized_5_34",2020,236,0.235785706413653
"rev2024","who_standardized_5_34",2021,210,0.213010250550035
