"denominator_revision","series","model","annual_pct_change","ci_low","ci_high","p_value","pearson_dispersion_poisson","nb_theta","nb_note"
"rev2018","brum_crude_national_total_pop","poisson",2.25026288978512,1.60959766341349,2.89496761578789,3.9433048160281e-12,5.90968883299631,NA,""
"rev2018","brum_crude_national_total_pop","quasipoisson",2.25026288978512,0.318239598050485,4.21949490861426,0.0290107991737375,NA,NA,""
"rev2018","brum_crude_national_total_pop","negbin",2.28039590007549,0.959279731072749,3.61879971154806,0.000675685841246055,NA,706.829880446195,""
"rev2018","brum_crude_national_gt6_pop","poisson",2.17705457575339,1.53684016920632,2.82130568942731,1.87069843668815e-11,5.91323117174263,NA,""
"rev2018","brum_crude_national_gt6_pop","quasipoisson",2.17705457575339,0.245817903440471,4.14549654163852,0.0327783040600546,NA,NA,""
"rev2018","brum_crude_national_gt6_pop","negbin",2.20720634699161,0.886702692807795,3.544994042126,0.00100007013314361,NA,706.368290680682,""
"rev2018","age_5_34","poisson",4.04000887862617,1.82839423150527,6.29965766577525,0.000302991459790394,1.06597851835982,NA,""
"rev2018","age_5_34","quasipoisson",4.04000887862617,1.19808986394259,6.96173674836698,0.012839849785011,NA,NA,""
"rev2018","age_5_34","negbin",4.04000702505318,1.82832723588606,6.29972381553996,0.000303119186330648,NA,3461987.48270954,"theta diverged: no overdispersion, NB equals Poisson"
"rev2018","age_7_34_control","poisson",4.6473438102218,2.37014853244679,6.97519465905403,5.1924708698147e-05,1.12985530460337,NA,""
"rev2018","age_7_34_control","quasipoisson",4.6473438102218,1.63623082165112,7.74766515841625,0.00889328632394836,NA,NA,""
"rev2018","age_7_34_control","negbin",4.64734173683181,2.37006331994827,6.97527946582102,5.19582499247498e-05,NA,2672814.92001134,"theta diverged: no overdispersion, NB equals Poisson"
"rev2018","age_35_59","poisson",2.77858852191897,1.44831304123036,4.12630769192552,3.73518150758905e-05,5.53992157144576,NA,""
"rev2018","age_35_59","quasipoisson",2.77858852191897,-1.08155367572697,6.78936690866558,0.130361034366532,NA,NA,""
"rev2018","age_35_59","negbin",2.78337968505364,0.181469303195692,5.45286681221497,0.0358562273775556,NA,187.932482667309,""
"rev2018","legacy_18_59","poisson",3.97738337951674,2.77915013693941,5.18958602057329,4.24525362204795e-11,6.25857148793601,NA,""
"rev2018","legacy_18_59","quasipoisson",3.97738337951674,0.280579627279409,7.81046833428951,0.0387319373713485,NA,NA,""
"rev2018","legacy_18_59","negbin",3.94357478376486,1.48391347014598,6.46285080449189,0.0015480714283724,NA,208.700894429068,""
"rev2018","legacy_gte60","poisson",-1.30007291977479,-2.04785748605164,-0.546579629388277,0.000745053351337758,3.5596839681652,NA,""
"rev2018","legacy_gte60","quasipoisson",-1.30007291977479,-3.0524147583703,0.483942754859434,0.124087025517877,NA,NA,""
"rev2018","legacy_gte60","negbin",-1.27133262770337,-2.48282002300002,-0.0447945335523281,0.0422460653287365,NA,967.70207066521,""
"rev2018","age_adjusted_poisson_ge7","poisson",0.00430269351512358,-0.623061233680289,0.635627152218454,0.989308477666672,3.1118776543278,NA,""
"rev2018","age_adjusted_poisson_ge7","quasipoisson",0.00430269351512358,-1.12159476787788,1.14302039700844,0.993963489918091,NA,NA,""
"rev2018","age_adjusted_poisson_ge7","negbin",0.932873642795418,-0.189414404599153,2.06778089739945,0.103603448133953,NA,147.850818102885,""
"rev2024","brum_crude_national_total_pop","poisson",2.40391809889251,1.76214989348364,3.04973364832766,1.30341700563572e-13,5.81767119756226,NA,""
"rev2024","brum_crude_national_total_pop","quasipoisson",2.40391809889251,0.483555017119874,4.36098165732728,0.0219301335459245,NA,NA,""
"rev2024","brum_crude_national_total_pop","negbin",2.43252560733367,1.11941671584619,3.76268616918183,0.000261197516647227,NA,721.162170842508,""
"rev2024","brum_crude_national_gt6_pop","poisson",2.29888410205383,1.65786364030813,2.94394662427238,1.37168372122043e-12,5.85308241470487,NA,""
"rev2024","brum_crude_national_gt6_pop","quasipoisson",2.29888410205383,0.37498313555544,4.259660740291,0.0263113010236682,NA,NA,""
"rev2024","brum_crude_national_gt6_pop","negbin",2.32839464121926,1.01282087725751,3.66110221367573,0.000489657160339689,NA,715.617479536611,""
"rev2024","age_5_34","poisson",4.21983177604384,2.00519342199057,6.48255222155447,0.000162185147548789,1.06757313587199,NA,""
"rev2024","age_5_34","quasipoisson",4.21983177604384,1.37192561876194,7.14774597728045,0.0107023809412762,NA,NA,""
"rev2024","age_5_34","negbin",4.21983014554086,2.00512618768709,6.48261907524113,0.000162259547111529,NA,3445530.57179839,"theta diverged: no overdispersion, NB equals Poisson"
"rev2024","age_7_34_control","poisson",4.834595394943,2.55422616889465,7.16567032080857,2.57944545819736e-05,1.13091989053529,NA,""
"rev2024","age_7_34_control","quasipoisson",4.834595394943,1.81788148522863,7.94069009593203,0.00748010680099859,NA,NA,""
"rev2024","age_7_34_control","negbin",4.83459365830814,2.55414051234093,7.1657562785586,2.58125027728259e-05,NA,2654430.49381059,"theta diverged: no overdispersion, NB equals Poisson"
"rev2024","age_35_59","poisson",2.84253956384204,1.51088913915662,4.19165897996867,2.49649624348562e-05,5.5156212761275,NA,""
"rev2024","age_35_59","quasipoisson",2.84253956384204,-1.01324936928803,6.84852140867107,0.122836389400932,NA,NA,""
"rev2024","age_35_59","negbin",2.84413564716313,0.245545662300306,5.51008692837898,0.0317308418562514,NA,188.951540708617,""
"rev2024","legacy_18_59","poisson",4.14232798662337,2.9425278290788,5.35611187322922,6.63944922309507e-12,6.21858593844536,NA,""
"rev2024","legacy_18_59","quasipoisson",4.14232798662337,0.452308704162108,7.96789659075368,0.0331593033863652,NA,NA,""
"rev2024","legacy_18_59","negbin",4.11046209984804,1.65493612910474,6.6253025320685,0.000940315617557035,NA,210.4928362853,""
"rev2024","legacy_gte60","poisson",-1.21081758910466,-1.95988753479185,-0.456024416776646,0.00170727407582681,3.33759827995296,NA,""
"rev2024","legacy_gte60","quasipoisson",-1.21081758910466,-2.91100664688895,0.519144594678522,0.136777277665918,NA,NA,""
"rev2024","legacy_gte60","negbin",-1.18659265197546,-2.36182182180453,0.00278225087924078,0.0505351230637011,NA,1074.30617461883,""
"rev2024","age_adjusted_poisson_ge7","poisson",0.293211058068388,-0.336511774532733,0.926912788588474,0.362263074489455,3.01731290514308,NA,""
"rev2024","age_adjusted_poisson_ge7","quasipoisson",0.293211058068388,-0.81970987939074,1.41862029346984,0.601807880923205,NA,NA,""
"rev2024","age_adjusted_poisson_ge7","negbin",1.14437804044705,0.0382351685246807,2.26275175641664,0.0425501037362007,NA,156.051404277986,""
