"series","year","n_deaths","rate","pct_change","slope","ci_low","ci_high","p_value","denominator_revision"
"age_35_59",2014,452,0.718670193026546,0,0.022115372367748,-0.008933212447667,0.053163957183163,0.131981351893346,"rev2018"
"age_35_59",2015,485,0.75604443103206,5.2004714218242,0.022115372367748,-0.008933212447667,0.053163957183163,0.131981351893346,"rev2018"
"age_35_59",2016,515,0.787480702135531,9.57469918422561,0.022115372367748,-0.008933212447667,0.053163957183163,0.131981351893346,"rev2018"
"age_35_59",2017,567,0.850830364668145,18.3895440389744,0.022115372367748,-0.008933212447667,0.053163957183163,0.131981351893346,"rev2018"
"age_35_59",2018,504,0.742680288955681,3.340906045932,0.022115372367748,-0.008933212447667,0.053163957183163,0.131981351893346,"rev2018"
"age_35_59",2019,524,0.758987216149463,5.60994786121987,0.022115372367748,-0.008933212447667,0.053163957183163,0.131981351893346,"rev2018"
"age_35_59",2020,709,1.01058903457589,40.6193055426409,0.022115372367748,-0.008933212447667,0.053163957183163,0.131981351893346,"rev2018"
"age_35_59",2021,591,0.829898592289779,15.4769740476943,0.022115372367748,-0.008933212447667,0.053163957183163,0.131981351893346,"rev2018"
"age_5_34",2014,182,0.181762438310752,0,0.00803472331808118,0.00226513249251399,0.0138043141436484,0.0143615761467604,"rev2018"
"age_5_34",2015,189,0.189739027821193,4.38846968855205,0.00803472331808118,0.00226513249251399,0.0138043141436484,0.0143615761467604,"rev2018"
"age_5_34",2016,184,0.185767394708606,2.20340155814053,0.00803472331808118,0.00226513249251399,0.0138043141436484,0.0143615761467604,"rev2018"
"age_5_34",2017,172,0.174703870844597,-3.88340271607004,0.00803472331808118,0.00226513249251399,0.0138043141436484,0.0143615761467604,"rev2018"
"age_5_34",2018,200,0.204457728471979,12.4862377354474,0.00803472331808118,0.00226513249251399,0.0138043141436484,0.0143615761467604,"rev2018"
"age_5_34",2019,218,0.224246735926745,23.3735297627112,0.00803472331808118,0.00226513249251399,0.0138043141436484,0.0143615761467604,"rev2018"
"age_5_34",2020,236,0.244126482344276,34.3107435249645,0.00803472331808118,0.00226513249251399,0.0138043141436484,0.0143615761467604,"rev2018"
"age_5_34",2021,210,0.218589238999572,20.2609521698088,0.00803472331808118,0.00226513249251399,0.0138043141436484,0.0143615761467604,"rev2018"
"age_7_34_control",2014,171,0.181459921472423,0,0.0093574309462341,0.00310099826634118,0.015613863626127,0.0105829482904751,"rev2018"
"age_7_34_control",2015,174,0.185539847486672,2.24838960644476,0.0093574309462341,0.00310099826634118,0.015613863626127,0.0105829482904751,"rev2018"
"age_7_34_control",2016,179,0.191946699296891,5.77911515632463,0.0093574309462341,0.00310099826634118,0.015613863626127,0.0105829482904751,"rev2018"
"age_7_34_control",2017,164,0.177026230904941,-2.44334425558287,0.0093574309462341,0.00310099826634118,0.015613863626127,0.0105829482904751,"rev2018"
"age_7_34_control",2018,190,0.206504772069869,13.8018634606605,0.0093574309462341,0.00310099826634118,0.015613863626127,0.0105829482904751,"rev2018"
"age_7_34_control",2019,208,0.227642342622695,25.4504800704934,0.0093574309462341,0.00310099826634118,0.015613863626127,0.0105829482904751,"rev2018"
"age_7_34_control",2020,232,0.255706193935866,40.9160721888256,0.0093574309462341,0.00310099826634118,0.015613863626127,0.0105829482904751,"rev2018"
"age_7_34_control",2021,202,0.224120920914639,23.509874299543,0.0093574309462341,0.00310099826634118,0.015613863626127,0.0105829482904751,"rev2018"
"age_standardized_2014std",2014,2035,1.12274340093497,0,0.000198267411815038,-0.0213297143033935,0.0217262491270236,0.982751588298544,"rev2018"
"age_standardized_2014std",2015,2142,1.14444095454506,1.932547863743,0.000198267411815038,-0.0213297143033935,0.0217262491270236,0.982751588298544,"rev2018"
"age_standardized_2014std",2016,2187,1.13219370561579,0.841715451005304,0.000198267411815038,-0.0213297143033935,0.0217262491270236,0.982751588298544,"rev2018"
"age_standardized_2014std",2017,2418,1.20850975234913,7.63899848734176,0.000198267411815038,-0.0213297143033935,0.0217262491270236,0.982751588298544,"rev2018"
"age_standardized_2014std",2018,2243,1.08920951072828,-2.98678132320979,0.000198267411815038,-0.0213297143033935,0.0217262491270236,0.982751588298544,"rev2018"
"age_standardized_2014std",2019,2419,1.14032964174375,1.5663633198941,0.000198267411815038,-0.0213297143033935,0.0217262491270236,0.982751588298544,"rev2018"
"age_standardized_2014std",2020,2677,1.22975992966618,9.53169964233038,0.000198267411815038,-0.0213297143033935,0.0217262491270236,0.982751588298544,"rev2018"
"age_standardized_2014std",2021,2423,1.07773654668122,-4.00865008124508,0.000198267411815038,-0.0213297143033935,0.0217262491270236,0.982751588298544,"rev2018"
"brum_crude_national_gt6_pop",2014,2041,1.12605370088859,0,0.0268436301523916,0.0031483811650918,0.0505388791396915,0.0323355159967552,"rev2018"
"brum_crude_national_gt6_pop",2015,2148,1.17397311443071,4.25551761024387,0.0268436301523916,0.0031483811650918,0.0505388791396915,0.0323355159967552,"rev2018"
"brum_crude_national_gt6_pop",2016,2190,1.18604090296554,5.32720615629746,0.0268436301523916,0.0031483811650918,0.0505388791396915,0.0323355159967552,"rev2018"
"brum_crude_national_gt6_pop",2017,2423,1.30077693210456,15.5164208490317,0.0268436301523916,0.0031483811650918,0.0505388791396915,0.0323355159967552,"rev2018"
"brum_crude_national_gt6_pop",2018,2249,1.19694401299967,6.29546459952519,0.0268436301523916,0.0031483811650918,0.0505388791396915,0.0323355159967552,"rev2018"
"brum_crude_national_gt6_pop",2019,2426,1.28017157549671,13.6865474964917,0.0268436301523916,0.0031483811650918,0.0505388791396915,0.0323355159967552,"rev2018"
"brum_crude_national_gt6_pop",2020,2678,1.40148295212953,24.4596906012207,0.0268436301523916,0.0031483811650918,0.0505388791396915,0.0323355159967552,"rev2018"
"brum_crude_national_gt6_pop",2021,2428,1.26016179314837,11.9095645397683,0.0268436301523916,0.0031483811650918,0.0505388791396915,0.0323355159967552,"rev2018"
"brum_crude_national_total_pop",2014,2041,1.01181086676047,0,0.0249731033603723,0.00361992894742534,0.0463262777733192,0.0287365721796226,"rev2018"
"brum_crude_national_total_pop",2015,2148,1.05565439974466,4.33317474881143,0.0249731033603723,0.00361992894742534,0.0463262777733192,0.0287365721796226,"rev2018"
"brum_crude_national_total_pop",2016,2190,1.06747730210583,5.50166411273992,0.0249731033603723,0.00361992894742534,0.0463262777733192,0.0287365721796226,"rev2018"
"brum_crude_national_total_pop",2017,2423,1.17163658254817,15.7960070442239,0.0249731033603723,0.00361992894742534,0.0463262777733192,0.0287365721796226,"rev2018"
"brum_crude_national_total_pop",2018,2249,1.07868345940356,6.60919889674674,0.0249731033603723,0.00361992894742534,0.0463262777733192,0.0287365721796226,"rev2018"
"brum_crude_national_total_pop",2019,2426,1.1544293075625,14.0953655952181,0.0249731033603723,0.00361992894742534,0.0463262777733192,0.0287365721796226,"rev2018"
"brum_crude_national_total_pop",2020,2678,1.26466494227697,24.9902510264662,0.0249731033603723,0.00361992894742534,0.0463262777733192,0.0287365721796226,"rev2018"
"brum_crude_national_total_pop",2021,2428,1.13820873481541,12.4922425926924,0.0249731033603723,0.00361992894742534,0.0463262777733192,0.0287365721796226,"rev2018"
"legacy_18_59",2014,580,0.477858256431659,0,0.0212457940296664,0.000805842235970505,0.0416857458233623,0.0438803876637114,"rev2018"
"legacy_18_59",2015,618,0.503472592222981,5.3602371511991,0.0212457940296664,0.000805842235970505,0.0416857458233623,0.0438803876637114,"rev2018"
"legacy_18_59",2016,642,0.517495052783568,8.29467646910437,0.0212457940296664,0.000805842235970505,0.0416857458233623,0.0438803876637114,"rev2018"
"legacy_18_59",2017,681,0.543640219700899,13.7659990978199,0.0212457940296664,0.000805842235970505,0.0416857458233623,0.0438803876637114,"rev2018"
"legacy_18_59",2018,641,0.507358426637353,6.17341435637882,0.0212457940296664,0.000805842235970505,0.0416857458233623,0.0438803876637114,"rev2018"
"legacy_18_59",2019,675,0.530274373466491,10.9689675399232,0.0212457940296664,0.000805842235970505,0.0416857458233623,0.0438803876637114,"rev2018"
"legacy_18_59",2020,905,0.706708389168177,47.8907980884174,0.0212457940296664,0.000805842235970505,0.0416857458233623,0.0438803876637114,"rev2018"
"legacy_18_59",2021,756,0.587345619971815,22.9121004118956,0.0212457940296664,0.000805842235970505,0.0416857458233623,0.0438803876637114,"rev2018"
"legacy_gte60",2014,1412,5.85337575621304,0,-0.0712406976834239,-0.17220522764997,0.0297238322831218,0.134998158608344,"rev2018"
"legacy_gte60",2015,1483,5.92291377643385,1.18799856897966,-0.0712406976834239,-0.17220522764997,0.0297238322831218,0.134998158608344,"rev2018"
"legacy_gte60",2016,1493,5.7435339368032,-1.87655506812875,-0.0712406976834239,-0.17220522764997,0.0297238322831218,0.134998158608344,"rev2018"
"legacy_gte60",2017,1687,6.25026119941586,6.78045387367374,-0.0712406976834239,-0.17220522764997,0.0297238322831218,0.134998158608344,"rev2018"
"legacy_gte60",2018,1549,5.52714828907107,-5.57332180145267,-0.0712406976834239,-0.17220522764997,0.0297238322831218,0.134998158608344,"rev2018"
"legacy_gte60",2019,1687,5.79823217503306,-0.942081688868916,-0.0712406976834239,-0.17220522764997,0.0297238322831218,0.134998158608344,"rev2018"
"legacy_gte60",2020,1736,5.74890079592803,-1.7848667954404,-0.0712406976834239,-0.17220522764997,0.0297238322831218,0.134998158608344,"rev2018"
"legacy_gte60",2021,1630,5.20264211232377,-11.117236804737,-0.0712406976834239,-0.17220522764997,0.0297238322831218,0.134998158608344,"rev2018"
"legacy_lt18",2014,43,0.0764855018618439,0,-0.00047209149950266,-0.00641762916785926,0.00547344616885394,0.852359147313491,"rev2018"
"legacy_lt18",2015,41,0.07362205328854,-3.74377954462029,-0.00047209149950266,-0.00641762916785926,0.00547344616885394,0.852359147313491,"rev2018"
"legacy_lt18",2016,52,0.0943687601946617,23.3812394473405,-0.00047209149950266,-0.00641762916785926,0.00547344616885394,0.852359147313491,"rev2018"
"legacy_lt18",2017,50,0.091663735107645,19.8445886819409,-0.00047209149950266,-0.00641762916785926,0.00547344616885394,0.852359147313491,"rev2018"
"legacy_lt18",2018,53,0.0979143594825947,28.0168882979389,-0.00047209149950266,-0.00641762916785926,0.00547344616885394,0.852359147313491,"rev2018"
"legacy_lt18",2019,57,0.106027856642972,38.6247773264145,-0.00047209149950266,-0.00641762916785926,0.00547344616885394,0.852359147313491,"rev2018"
"legacy_lt18",2020,36,0.0672895460568719,-12.0231358638173,-0.00047209149950266,-0.00641762916785926,0.00547344616885394,0.852359147313491,"rev2018"
"legacy_lt18",2021,37,0.0694539213590143,-9.19335080722984,-0.00047209149950266,-0.00641762916785926,0.00547344616885394,0.852359147313491,"rev2018"
"age_35_59",2014,452,0.721122601547424,0,0.0226914862310413,-0.00844944880300492,0.0538324212650876,0.124858275841592,"rev2024"
"age_35_59",2015,485,0.758069047148315,5.12346243504364,0.0226914862310413,-0.00844944880300492,0.0538324212650876,0.124858275841592,"rev2024"
"age_35_59",2016,515,0.789298969636864,9.45419931966406,0.0226914862310413,-0.00844944880300492,0.0538324212650876,0.124858275841592,"rev2024"
"age_35_59",2017,567,0.853081274647861,18.2990621590938,0.0226914862310413,-0.00844944880300492,0.0538324212650876,0.124858275841592,"rev2024"
"age_35_59",2018,504,0.745288324917909,3.35112549774883,0.0226914862310413,-0.00844944880300492,0.0538324212650876,0.124858275841592,"rev2024"
"age_35_59",2019,524,0.762225755646104,5.69988432070753,0.0226914862310413,-0.00844944880300492,0.0538324212650876,0.124858275841592,"rev2024"
"age_35_59",2020,709,1.01591886106812,40.8801858225092,0.0226914862310413,-0.00844944880300492,0.0538324212650876,0.124858275841592,"rev2024"
"age_35_59",2021,591,0.836243796620415,15.9641640444992,0.0226914862310413,-0.00844944880300492,0.0538324212650876,0.124858275841592,"rev2024"
"age_5_34",2014,182,0.182813202484214,0,0.00849879339183583,0.00263582169782758,0.0143617650858441,0.0121163085155059,"rev2024"
"age_5_34",2015,189,0.191240862898606,4.60998456340649,0.00849879339183583,0.00263582169782758,0.0143617650858441,0.0121163085155059,"rev2024"
"age_5_34",2016,184,0.187663673448074,2.65323887878287,0.00849879339183583,0.00263582169782758,0.0143617650858441,0.0121163085155059,"rev2024"
"age_5_34",2017,172,0.176886398310118,-3.24200008180939,0.00849879339183583,0.00263582169782758,0.0143617650858441,0.0121163085155059,"rev2024"
"age_5_34",2018,200,0.207515876417157,13.5125218514104,0.00849879339183583,0.00263582169782758,0.0143617650858441,0.0121163085155059,"rev2024"
"age_5_34",2019,218,0.227955576853717,24.693169725201,0.00849879339183583,0.00263582169782758,0.0143617650858441,0.0121163085155059,"rev2024"
"age_5_34",2020,236,0.248298006594164,35.8206099013028,0.00849879339183583,0.00263582169782758,0.0143617650858441,0.0121163085155059,"rev2024"
"age_5_34",2021,210,0.222400022214585,21.654245531741,0.00849879339183583,0.00263582169782758,0.0143617650858441,0.0121163085155059,"rev2024"
"age_7_34_control",2014,171,0.182578749951846,0,0.009863500570674,0.0034998287503476,0.0162271723910004,0.00904537648734371,"rev2024"
"age_7_34_control",2015,174,0.187089284587027,2.47045980781998,0.009863500570674,0.0034998287503476,0.0162271723910004,0.00904537648734371,"rev2024"
"age_7_34_control",2016,179,0.19400484704311,6.25817467491573,0.009863500570674,0.0034998287503476,0.0162271723910004,0.00904537648734371,"rev2024"
"age_7_34_control",2017,164,0.179368983852176,-1.75801734896135,0.009863500570674,0.0034998287503476,0.0162271723910004,0.00904537648734371,"rev2024"
"age_7_34_control",2018,190,0.209778785069258,14.8977003756381,0.009863500570674,0.0034998287503476,0.0162271723910004,0.00904537648734371,"rev2024"
"age_7_34_control",2019,208,0.231598443128458,26.8485205367768,0.009863500570674,0.0034998287503476,0.0162271723910004,0.00904537648734371,"rev2024"
"age_7_34_control",2020,232,0.260277903204802,42.5565150782598,0.009863500570674,0.0034998287503476,0.0162271723910004,0.00904537648734371,"rev2024"
"age_7_34_control",2021,202,0.228207373576815,24.9912016798247,0.009863500570674,0.0034998287503476,0.0162271723910004,0.00904537648734371,"rev2024"
"age_standardized_2014std",2014,2035,1.12844310379612,0,0.00396684343406959,-0.0175645401282893,0.0254982269964284,0.667961395251399,"rev2024"
"age_standardized_2014std",2015,2142,1.15283662474401,2.16169702006499,0.00396684343406959,-0.0175645401282893,0.0254982269964284,0.667961395251399,"rev2024"
"age_standardized_2014std",2016,2187,1.14377676084797,1.35883297972781,0.00396684343406959,-0.0175645401282893,0.0254982269964284,0.667961395251399,"rev2024"
"age_standardized_2014std",2017,2418,1.22543350546182,8.59506352951443,0.00396684343406959,-0.0175645401282893,0.0254982269964284,0.667961395251399,"rev2024"
"age_standardized_2014std",2018,2243,1.10633172219634,-1.95945914556083,0.00396684343406959,-0.0175645401282893,0.0254982269964284,0.667961395251399,"rev2024"
"age_standardized_2014std",2019,2419,1.1600426931843,2.8002820241333,0.00396684343406959,-0.0175645401282893,0.0254982269964284,0.667961395251399,"rev2024"
"age_standardized_2014std",2020,2677,1.25685378065108,11.3794551469167,0.00396684343406959,-0.0175645401282893,0.0254982269964284,0.667961395251399,"rev2024"
"age_standardized_2014std",2021,2423,1.11179068310798,-1.47569874210965,0.00396684343406959,-0.0175645401282893,0.0254982269964284,0.667961395251399,"rev2024"
"brum_crude_national_gt6_pop",2014,2041,1.13177020877046,0,0.0285522710174486,0.00474220307494869,0.0523623389599485,0.0261419526215774,"rev2024"
"brum_crude_national_gt6_pop",2015,2148,1.18087067353972,4.3383775601055,0.0285522710174486,0.00474220307494869,0.0523623389599485,0.0261419526215774,"rev2024"
"brum_crude_national_gt6_pop",2016,2190,1.19420957550283,5.51696503835385,0.0285522710174486,0.00474220307494869,0.0523623389599485,0.0261419526215774,"rev2024"
"brum_crude_national_gt6_pop",2017,2423,1.3114418844542,15.8752787704964,0.0285522710174486,0.00474220307494869,0.0523623389599485,0.0261419526215774,"rev2024"
"brum_crude_national_gt6_pop",2018,2249,1.20858129043508,6.78680893607072,0.0285522710174486,0.00474220307494869,0.0523623389599485,0.0261419526215774,"rev2024"
"brum_crude_national_gt6_pop",2019,2426,1.29381547297603,14.3178591334028,0.0285522710174486,0.00474220307494869,0.0523623389599485,0.0261419526215774,"rev2024"
"brum_crude_national_gt6_pop",2020,2678,1.41765146638496,25.2596556614682,0.0285522710174486,0.00474220307494869,0.0523623389599485,0.0261419526215774,"rev2024"
"brum_crude_national_gt6_pop",2021,2428,1.27727445203322,12.8563415201422,0.0285522710174486,0.00474220307494869,0.0523623389599485,0.0261419526215774,"rev2024"
"brum_crude_national_total_pop",2014,2041,1.01637792179956,0,0.0268623996851047,0.00545434208282979,0.0482704572873796,0.0219326246077979,"rev2024"
"brum_crude_national_total_pop",2015,2148,1.06124572600329,4.41448040550553,0.0268623996851047,0.00545434208282979,0.0482704572873796,0.0219326246077979,"rev2024"
"brum_crude_national_total_pop",2016,2190,1.07420381693065,5.68940882036331,0.0268623996851047,0.00545434208282979,0.0482704572873796,0.0219326246077979,"rev2024"
"brum_crude_national_total_pop",2017,2423,1.18073272062353,16.1706384307288,0.0268623996851047,0.00545434208282979,0.0482704572873796,0.0219326246077979,"rev2024"
"brum_crude_national_total_pop",2018,2249,1.08895098809302,7.14036233342773,0.0268623996851047,0.00545434208282979,0.0482704572873796,0.0219326246077979,"rev2024"
"brum_crude_national_total_pop",2019,2426,1.16690661123735,14.8103068956149,0.0268623996851047,0.00545434208282979,0.0482704572873796,0.0219326246077979,"rev2024"
"brum_crude_national_total_pop",2020,2678,1.28032960637098,25.9698365057038,0.0268623996851047,0.00545434208282979,0.0482704572873796,0.0219326246077979,"rev2024"
"brum_crude_national_total_pop",2021,2428,1.15562013913114,13.6998467149938,0.0268623996851047,0.00545434208282979,0.0482704572873796,0.0219326246077979,"rev2024"
"legacy_18_59",2014,580,0.480903902996177,0,0.0224043165212325,0.00169443214781267,0.0431142008946524,0.0381756725152318,"rev2024"
"legacy_18_59",2015,618,0.507588247173596,5.54878927186224,0.0224043165212325,0.00169443214781267,0.0431142008946524,0.0381756725152318,"rev2024"
"legacy_18_59",2016,642,0.522812721365787,8.7145931044655,0.0224043165212325,0.00169443214781267,0.0431142008946524,0.0381756725152318,"rev2024"
"legacy_18_59",2017,681,0.550386858113145,14.448407401992,0.0224043165212325,0.00169443214781267,0.0431142008946524,0.0381756725152318,"rev2024"
"legacy_18_59",2018,641,0.514735524992614,7.03500674160797,0.0224043165212325,0.00169443214781267,0.0431142008946524,0.0381756725152318,"rev2024"
"legacy_18_59",2019,675,0.538745988976251,12.0277846820748,0.0224043165212325,0.00169443214781267,0.0431142008946524,0.0381756725152318,"rev2024"
"legacy_18_59",2020,905,0.718258625534104,49.3559567845332,0.0224043165212325,0.00169443214781267,0.0431142008946524,0.0381756725152318,"rev2024"
"legacy_18_59",2021,756,0.597541363891957,24.2537979353241,0.0224043165212325,0.00169443214781267,0.0431142008946524,0.0381756725152318,"rev2024"
"legacy_gte60",2014,1412,5.88365301181364,0,-0.0669760493855521,-0.165666938761922,0.0317148399908178,0.147864026216283,"rev2024"
"legacy_gte60",2015,1483,5.95161222874514,1.15505140760416,-0.0669760493855521,-0.165666938761922,0.0317148399908178,0.147864026216283,"rev2024"
"legacy_gte60",2016,1493,5.77085388692713,-1.91716140737771,-0.0669760493855521,-0.165666938761922,0.0317148399908178,0.147864026216283,"rev2024"
"legacy_gte60",2017,1687,6.28027290708137,6.74104836691364,-0.0669760493855521,-0.165666938761922,0.0317148399908178,0.147864026216283,"rev2024"
"legacy_gte60",2018,1549,5.55405797977577,-5.60187746245546,-0.0669760493855521,-0.165666938761922,0.0317148399908178,0.147864026216283,"rev2024"
"legacy_gte60",2019,1687,5.82713525216142,-0.960589612248392,-0.0669760493855521,-0.165666938761922,0.0317148399908178,0.147864026216283,"rev2024"
"legacy_gte60",2020,1736,5.79063460251747,-1.58096354610659,-0.0669760493855521,-0.165666938761922,0.0317148399908178,0.147864026216283,"rev2024"
"legacy_gte60",2021,1630,5.27454884243554,-10.3524828564006,-0.0669760493855521,-0.165666938761922,0.0317148399908178,0.147864026216283,"rev2024"
"legacy_lt18",2014,43,0.0765039897097508,0,-0.000366553210644255,-0.00625690892443655,0.00552380250314804,0.883965460732667,"rev2024"
"legacy_lt18",2015,41,0.0735639826147855,-3.8429461079343,-0.000366553210644255,-0.00625690892443655,0.00552380250314804,0.883965460732667,"rev2024"
"legacy_lt18",2016,52,0.0941974054085505,23.1274418052274,-0.000366553210644255,-0.00625690892443655,0.00552380250314804,0.883965460732667,"rev2024"
"legacy_lt18",2017,50,0.091544048753431,19.6591826135353,-0.000366553210644255,-0.00625690892443655,0.00552380250314804,0.883965460732667,"rev2024"
"legacy_lt18",2018,53,0.0979494395711929,28.0318058480403,-0.000366553210644255,-0.00625690892443655,0.00552380250314804,0.883965460732667,"rev2024"
"legacy_lt18",2019,57,0.10622757875927,38.8523385019368,-0.000366553210644255,-0.00625690892443655,0.00552380250314804,0.883965460732667,"rev2024"
"legacy_lt18",2020,36,0.067686650592466,-11.5253324051949,-0.000366553210644255,-0.00625690892443655,0.00552380250314804,0.883965460732667,"rev2024"
"legacy_lt18",2021,37,0.0702326010736818,-8.19746611890706,-0.000366553210644255,-0.00625690892443655,0.00552380250314804,0.883965460732667,"rev2024"
