"denominator_revision","series","rate_2014","rate_2021","pct_change","slope","ci_low","ci_high","p_value"
"rev2018","age_35_59",0.718670193026546,0.829898592289779,15.4769740476943,0.022115372367748,-0.008933212447667,0.053163957183163,0.131981351893346
"rev2024","age_35_59",0.721122601547424,0.836243796620415,15.9641640444992,0.0226914862310413,-0.00844944880300492,0.0538324212650876,0.124858275841592
"rev2018","age_5_34",0.181762438310752,0.218589238999572,20.2609521698088,0.00803472331808118,0.00226513249251399,0.0138043141436484,0.0143615761467604
"rev2024","age_5_34",0.182813202484214,0.222400022214585,21.654245531741,0.00849879339183583,0.00263582169782758,0.0143617650858441,0.0121163085155059
"rev2018","age_7_34_control",0.181459921472423,0.224120920914639,23.509874299543,0.0093574309462341,0.00310099826634118,0.015613863626127,0.0105829482904751
"rev2024","age_7_34_control",0.182578749951846,0.228207373576815,24.9912016798247,0.009863500570674,0.0034998287503476,0.0162271723910004,0.00904537648734371
"rev2018","age_standardized_2014std",1.12274340093497,1.07773654668122,-4.00865008124508,0.000198267411815038,-0.0213297143033935,0.0217262491270236,0.982751588298544
"rev2024","age_standardized_2014std",1.12844310379612,1.11179068310798,-1.47569874210965,0.00396684343406959,-0.0175645401282893,0.0254982269964284,0.667961395251399
"rev2018","brum_crude_national_gt6_pop",1.12605370088859,1.26016179314837,11.9095645397683,0.0268436301523916,0.0031483811650918,0.0505388791396915,0.0323355159967552
"rev2024","brum_crude_national_gt6_pop",1.13177020877046,1.27727445203322,12.8563415201422,0.0285522710174486,0.00474220307494869,0.0523623389599485,0.0261419526215774
"rev2018","brum_crude_national_total_pop",1.01181086676047,1.13820873481541,12.4922425926924,0.0249731033603723,0.00361992894742534,0.0463262777733192,0.0287365721796226
"rev2024","brum_crude_national_total_pop",1.01637792179956,1.15562013913114,13.6998467149938,0.0268623996851047,0.00545434208282979,0.0482704572873796,0.0219326246077979
"rev2018","legacy_18_59",0.477858256431659,0.587345619971815,22.9121004118956,0.0212457940296664,0.000805842235970505,0.0416857458233623,0.0438803876637114
"rev2024","legacy_18_59",0.480903902996177,0.597541363891957,24.2537979353241,0.0224043165212325,0.00169443214781267,0.0431142008946524,0.0381756725152318
"rev2018","legacy_gte60",5.85337575621304,5.20264211232377,-11.117236804737,-0.0712406976834239,-0.17220522764997,0.0297238322831218,0.134998158608344
"rev2024","legacy_gte60",5.88365301181364,5.27454884243554,-10.3524828564006,-0.0669760493855521,-0.165666938761922,0.0317148399908178,0.147864026216283
"rev2018","legacy_lt18",0.0764855018618439,0.0694539213590143,-9.19335080722984,-0.00047209149950266,-0.00641762916785926,0.00547344616885394,0.852359147313491
"rev2024","legacy_lt18",0.0765039897097508,0.0702326010736818,-8.19746611890706,-0.000366553210644255,-0.00625690892443655,0.00552380250314804,0.883965460732667
