"denominator_revision","series","end_to_end_pct","brum_style_mean_rel_variation_pct","mean_yoy_pct"
"rev2018","age_35_59",15.4769740476943,14.0302640203587,3.16537008536707
"rev2024","age_35_59",15.9641640444992,14.110297657038,3.22258917184255
"rev2018","age_5_34",20.2609521698088,13.3057045319364,3.06484915087056
"rev2024","age_5_34",21.654245531741,14.2431100528622,3.23655214807095
"rev2018","age_7_34_control",23.509874299543,15.6089215038156,3.54172331831157
"rev2024","age_7_34_control",24.9912016798247,16.6092221148963,3.71992065904862
"rev2018","age_standardized_2014std",-4.00865008124508,2.07369905140852,-0.299279688893374
"rev2024","age_standardized_2014std",-1.47569874210965,3.26573897324097,0.0649241681482921
"rev2018","brum_crude_national_gt6_pop",11.9095645397683,11.635773121797,1.90296918508605
"rev2024","brum_crude_national_gt6_pop",12.8563415201422,12.1358980885771,2.02329725024487
"rev2018","brum_crude_national_total_pop",12.4922425926924,11.9739862881284,1.97840633704321
"rev2024","brum_crude_national_total_pop",13.6998467149938,12.5564114437625,2.13108081713834
"rev2018","legacy_18_59",22.9121004118956,16.4808847306769,3.91753549192454
"rev2024","legacy_18_59",24.2537979353241,17.3406194174085,4.07471359004361
"rev2018","legacy_gte60",-11.117236804737,-1.90365853085348,-1.43364408440413
"rev2024","legacy_gte60",-10.3524828564006,-1.7881393014387,-1.32002291608407
"rev2018","legacy_lt18",-9.19335080722984,12.1296039339953,0.479390425342376
"rev2024","legacy_lt18",-8.19746611890706,12.3007177338148,0.616703367671075
